label,count,mean,std,min,25%,50%,75%,max
0,159.0,2.8022615006111637,0.7755586372141695,1.6202141661115856,2.16590095270765,2.6247371082576803,3.28363639148895,5.049061147616512
1,469.0,3.0793196411633272,0.9466086094852809,1.585840873537058,2.451440553180037,2.8745942546834766,3.6092406895456586,7.983923613457222
2,117.0,4.744585761007966,0.7653351004125397,3.4409008091283138,4.207498810636529,4.58933770826272,5.172458631327059,6.968952152566096
3,778.0,1.8758952242473443,0.7925920347929375,0.6915931571546575,1.2316093156249672,1.7735255644881784,2.3279121828395724,4.63002915645515
4,113.0,3.4666072498046727,0.7490119802826747,2.031180701631811,3.001774607610285,3.33286602305542,3.9657868014034636,5.699094431887092
5,239.0,4.330779433105779,0.8370705914423775,2.4034807249581145,3.7886798442486267,4.229620586594291,4.812001646340139,7.7825133841404135
6,291.0,3.26289795686348,0.8202430062030807,1.6421802766388978,2.6597974667865434,3.14088219147215,3.828427355236747,5.454830456115758
